Model,MAE,RMSE,R2,MAPE
Lasso Regression,2016.1978515087274,2512.3527373218803,0.8856483450215521,14.471704311455543
Linear Regression,2016.2002803548608,2512.895426723326,0.8855989378401979,14.46936459125051
Ridge Regression,2016.3803947328354,2513.0145168705435,0.8855880942833814,14.471463877962524
Gradient Boosting,2072.488454074257,2577.975707710648,0.879596568045263,14.85263249153709
LightGBM,2108.7359955211605,2633.4632827771056,0.8743577341556209,15.006071650476699
Random Forest,2195.6275636444448,2726.054956331902,0.8653673362855501,15.613884187161531
XGBoost,2253.6556236263023,2826.136527476792,0.8553003430914825,16.23480063609353
Decision Tree,3114.762986666666,3821.291356351096,0.7354537993320389,21.41665235443768
